candidate_id,company_name,industry_group,evidence_source,evidence_url,evidence_date,close_date,internship_signal,application_signal,importability,company_scale,review_state,last_reviewed,notes
ICU-0001,帆软,enterprise_software,company_official,https://join.fanruan.com/trainee/detail?id=9798,2026-07-22,rolling,active_explicit,official_url,candidate,unknown,application_chain_checked,2026-07-26,官方详情显示实习岗位但仍需核验列表结构和访问政策
ICU-0002,千寻智能,ai_robotics,university,https://career.cuhk.edu.cn/job/view/id/468454,2026-07-22,2026-12-31,active_explicit,official_url_and_email,candidate,unknown,application_chain_checked,2026-07-26,高校原文给出企业ATS和企业域名邮箱
ICU-0003,普渡机器人,ai_robotics,university,https://career.nankai.edu.cn/correcruit/content/id/116156.html,2026-07-22,rolling,active_explicit,official_url,candidate,unknown,application_chain_checked,2026-07-26,2028届实习且说明滚动面试
ICU-0004,DTL量化,finance,university,https://career.nankai.edu.cn/correcruit/content/id/116147.html,2026-07-22,unknown,active_explicit,official_url_and_email,candidate,unknown,application_chain_checked,2026-07-26,实习三至六个月且企业官网有招聘入口
ICU-0005,先临三维,intelligent_manufacturing,university,https://career.cuhk.edu.cn/job/view/id/467090,2026-07-22,2026-08-31,active_explicit,official_url,candidate,unknown,application_chain_checked,2026-07-26,高校原文显示算法及软硬件实习
ICU-0006,易思维,intelligent_manufacturing,university,https://career.nankai.edu.cn/correcruit/content/id/113876.html,2026-07-22,unknown,active_needs_recheck,official_url_and_email,not_ready,unknown,application_chain_checked,2026-07-26,需确认企业ATS当前仍有活动实习
ICU-0007,地平线,ai_chips,university,https://jdjyw.jlu.edu.cn/portal/jyzp/recruit/details?id=1881ef4a713e4c029eb4363e6755ad60,2026-07-22,unknown,active_explicit,official_url_and_email,candidate,unknown,application_chain_checked,2026-07-26,高校原文给出官方ATS和企业域名邮箱
ICU-0008,拓竹科技,intelligent_manufacturing,university,https://ejob.dhu.edu.cn/pros_wjdc/s/cms/DongHua/single/2026/06/24/26062414433759990760,2026-06-24,unknown,active_needs_recheck,official_url,not_ready,unknown,application_chain_checked,2026-07-26,需确认企业ATS当前活动状态和岗位级链接
ICU-0009,深圳锐圳科技,ai_software,university,https://career.cuhk.edu.cn/job/view/id/468767,2026-07-22,2026-10-01,active_explicit,company_email,candidate,unknown,application_chain_checked,2026-07-26,企业域名邮箱已出现但主体关联仍需核验
ICU-0010,溯简科技,intelligent_manufacturing,university,https://career.cuhk.edu.cn/job/view/id/468796,2026-07-22,2026-07-26,active_needs_recheck,company_email,not_ready,unknown,application_chain_checked,2026-07-26,当天截止需先确认仍可投递
ICU-0011,纳睿雷达,intelligent_manufacturing,university,https://career.cuhk.edu.cn/job/view/id/468817,2026-07-22,2026-07-26,active_needs_recheck,company_email,not_ready,unknown,application_chain_checked,2026-07-26,当天截止且岗位表在附件
ICU-0012,开源证券研究所,finance,university,https://career.cuhk.edu.cn/job/view/id/468848,2026-07-22,2026-07-31,active_explicit,company_email,candidate,unknown,application_chain_checked,2026-07-26,需继续核验主体归属和院校限制
ICU-0013,前海新型互联网交换中心,digital_infrastructure,university,https://career.cuhk.edu.cn/job/view/id/468449,2026-07-22,2026-08-31,active_explicit,company_email,candidate,unknown,application_chain_checked,2026-07-26,AI项目实习且原文给出企业域名邮箱
ICU-0014,分享成长投资,finance,university,https://career.cuhk.edu.cn/job/view/id/467309,2026-07-22,2026-12-31,active_explicit,company_email,candidate,unknown,application_chain_checked,2026-07-26,基金投后助理实习
ICU-0015,喜岳投资,finance,university,https://career.cuhk.edu.cn/job/view/id/467817,2026-07-22,2026-12-31,active_explicit,official_url,candidate,unknown,application_chain_checked,2026-07-26,多类实习且有企业钉钉招聘页
ICU-0016,Flab,finance_technology,university,https://career.cuhk.edu.cn/job/view/id/465828,2026-07-22,2026-12-31,active_explicit,company_email,candidate,unknown,application_chain_checked,2026-07-26,量化研究实习且有企业域名邮箱
ICU-0017,湖南高阳通联,finance_technology,university,https://career.cuhk.edu.cn/job/view/id/468693,2026-07-22,2026-07-24,expired,company_email,rejected,unknown,rejected_expired,2026-07-26,截止日期已过
ICU-0018,汉腾生物,biotechnology,university,https://career.cuhk.edu.cn/job/view/id/468662,2026-07-22,2026-07-31,active_explicit,company_email,candidate,unknown,application_chain_checked,2026-07-26,人力资源实习且有企业域名邮箱
ICU-0019,诗悦网络,gaming,university,https://career.cuhk.edu.cn/job/view/id/468683,2026-07-22,2026-07-24,expired,official_url,rejected,unknown,rejected_expired,2026-07-26,截止日期已过
ICU-0020,宝盈基金,finance,university,https://career.nankai.edu.cn/correcruit/content/id/116244.html,2026-07-22,unknown,active_needs_recheck,company_email,not_ready,unknown,application_chain_checked,2026-07-26,需确认岗位属于当前可投实习
ICU-0021,上海津洋航运,logistics,university,https://career.nankai.edu.cn/correcruit/content/id/116208.html,2026-07-22,unknown,active_explicit,company_email,candidate,unknown,application_chain_checked,2026-07-26,航运业务实习且有企业域名邮箱
ICU-0022,神策数据,enterprise_software,company_official,https://www.sensorsdata.cn/about/joinus.html,2026-07-22,rolling,active_explicit,unknown,not_ready,unknown,internship_evidence_checked,2026-07-26,官方页显示实习但投递按钮目标待核验
ICU-0023,授客AI,ai_software,company_official,https://www.soke.cn/careers,2026-07-22,rolling,active_explicit,unknown,not_ready,unknown,internship_evidence_checked,2026-07-26,官方页显示数据分析实习但申请目标待核验
ICU-0024,爱波瑞,consulting,university,https://career.nankai.edu.cn/correcruit/content/id/116211.html,2026-07-03,unknown,active_needs_recheck,unknown,not_ready,unknown,internship_evidence_checked,2026-07-26,实习培养留用项目但缺企业申请入口
ICU-0025,觉物科技,ai_software,university,https://career.cuhk.edu.cn/job/view/id/468734,2026-07-22,2026-07-26,active_needs_recheck,unknown,not_ready,unknown,internship_evidence_checked,2026-07-26,当天截止且岗位明细在附件
ICU-0026,雅可比机器人,ai_robotics,university,https://career.cuhk.edu.cn/job/view/id/468819,2026-07-22,2026-07-26,active_needs_recheck,unknown,not_ready,unknown,internship_evidence_checked,2026-07-26,当天截止且申请入口待核验
ICU-0027,麦高证券,finance,university,https://career.cuhk.edu.cn/job/view/id/468857,2026-07-22,2026-08-02,active_explicit,unknown,not_ready,unknown,internship_evidence_checked,2026-07-26,附件岗位表和企业投递入口待核验
ICU-0028,玄元私募,finance,university,https://career.cuhk.edu.cn/job/view/id/468827,2026-07-22,2026-07-31,active_explicit,unknown,not_ready,unknown,internship_evidence_checked,2026-07-26,缺企业申请页或企业域名邮箱
ICU-0029,波克科技,gaming,university,https://career.cuhk.edu.cn/job/view/id/468697,2026-07-22,2026-07-24,expired,unknown,rejected,unknown,rejected_expired,2026-07-26,截止日期已过
ICU-0030,沐瞳科技,gaming,university,https://career.cuhk.edu.cn/job/view/id/468675,2026-07-22,2026-07-31,active_explicit,unknown,not_ready,unknown,internship_evidence_checked,2026-07-26,缺企业官方申请目标和岗位原句
ICU-0031,龙岗数据集团,digital_infrastructure,university,https://career.cuhk.edu.cn/job/view/id/468659,2026-07-22,2026-07-31,active_explicit,unknown,not_ready,unknown,internship_evidence_checked,2026-07-26,仅有公众号原文且企业申请入口待核验
ICU-0032,MetaApp,gaming,university,https://career.cuhk.edu.cn/job/view/id/468653,2026-07-22,2026-07-24,expired,unknown,rejected,unknown,rejected_expired,2026-07-26,截止日期已过
ICU-0033,中国标准药物集团,biotechnology,university,https://career.cuhk.edu.cn/job/search?d_category=102&domain=careercuhk&page=3,2026-07-22,2026-07-24,expired,unknown,rejected,unknown,rejected_expired,2026-07-26,截止日期已过
ICU-0034,安博电子亚洲,electronics,university,https://career.cuhk.edu.cn/job/view/id/468704,2026-07-22,2027-07-31,active_explicit,unknown,not_ready,unknown,internship_evidence_checked,2026-07-26,销售实习但企业申请入口待核验
ICU-0035,今日投资数据科技,finance_technology,university,https://career.cuhk.edu.cn/job/view/id/467797,2026-07-22,2026-12-31,active_explicit,unknown,not_ready,unknown,internship_evidence_checked,2026-07-26,量化研究实习但企业申请入口待核验
ICU-0036,珠海横乐医疗,medical_device,university,https://career.cuhk.edu.cn/job/search/d_category/102,2026-07-22,2026-08-14,active_explicit,unknown,not_ready,unknown,internship_evidence_checked,2026-07-26,算法实习详情和企业申请入口待核验
ICU-0037,中庚基金,finance,university,https://career.cuhk.edu.cn/job/search,2026-07-24,unknown,active_needs_recheck,unknown,not_ready,unknown,discovered,2026-07-26,实习列表命中但需打开详情核验
ICU-0038,恒越基金,finance,university,https://career.cuhk.edu.cn/job/search,2026-07-24,unknown,active_needs_recheck,unknown,not_ready,unknown,discovered,2026-07-26,实习列表命中但需打开详情核验
ICU-0039,永赢基金,finance,university,https://career.cuhk.edu.cn/job/search,2026-07-24,unknown,active_needs_recheck,unknown,not_ready,unknown,discovered,2026-07-26,实习列表命中但需打开详情核验
ICU-0040,深圳市光明科学城产业发展集团,public_industry_service,university,https://career.cuhk.edu.cn/job/search,2026-07-24,unknown,active_needs_recheck,unknown,not_ready,unknown,discovered,2026-07-26,实习列表命中但需打开详情核验
ICU-0041,辉瑞中国,biotechnology,university,https://career.cuhk.edu.cn/job/search,2026-07-24,unknown,active_needs_recheck,unknown,not_ready,unknown,discovered,2026-07-26,AI项目实习列表命中
ICU-0042,浦银安盛基金,finance,university,https://career.cuhk.edu.cn/job/search,2026-07-24,unknown,active_needs_recheck,unknown,not_ready,unknown,discovered,2026-07-26,实习列表命中但需打开详情核验
ICU-0043,野生蓓妮,consumer,university,https://career.cuhk.edu.cn/job/search,2026-07-24,unknown,active_needs_recheck,unknown,not_ready,unknown,discovered,2026-07-26,实习列表命中但主体和申请链待查
ICU-0044,上银基金,finance,university,https://career.cuhk.edu.cn/job/search,2026-07-24,unknown,active_needs_recheck,unknown,not_ready,unknown,discovered,2026-07-26,实习列表命中但需打开详情核验
ICU-0045,博时基金,finance,university,https://career.cuhk.edu.cn/job/search,2026-07-24,unknown,active_needs_recheck,unknown,not_ready,unknown,discovered,2026-07-26,实习列表命中但需确认岗位和官方入口
ICU-0046,首创证券,finance,university,https://career.cuhk.edu.cn/job/search?domain=careercuhk&page=2,2026-07-24,unknown,active_needs_recheck,unknown,not_ready,unknown,discovered,2026-07-26,实习列表命中但需打开详情核验
ICU-0047,众和证券,finance,university,https://career.cuhk.edu.cn/job/search?domain=careercuhk&page=2,2026-07-24,unknown,active_needs_recheck,unknown,not_ready,unknown,discovered,2026-07-26,实习列表命中但需核验主体和投递链
ICU-0048,鹏华基金,finance,university,https://career.cuhk.edu.cn/job/search?domain=careercuhk&page=2,2026-07-24,unknown,active_needs_recheck,unknown,not_ready,unknown,discovered,2026-07-26,实习列表命中但需打开详情核验
ICU-0049,BIC EURONOVA,consulting,university,https://career.cuhk.edu.cn/job/search?domain=careercuhk&page=2,2026-07-24,unknown,active_needs_recheck,unknown,not_ready,unknown,discovered,2026-07-26,实习列表命中但企业主体和申请链待查
ICU-0050,摩根士丹利,finance,university,https://career.cuhk.edu.cn/job/search?domain=careercuhk&page=2,2026-07-24,unknown,active_needs_recheck,unknown,not_ready,unknown,discovered,2026-07-26,实习列表命中但需核验中国大陆岗位和官方入口
ICU-0051,汇丰银行,finance,university,https://career.cuhk.edu.cn/job/search?domain=careercuhk&page=2,2026-07-24,unknown,active_needs_recheck,unknown,not_ready,unknown,discovered,2026-07-26,实习列表命中但需核验中国大陆岗位和官方入口
ICU-0052,凯辉基金,finance,university,https://career.cuhk.edu.cn/job/search?domain=careercuhk&page=3,2026-07-24,unknown,active_needs_recheck,unknown,not_ready,unknown,discovered,2026-07-26,实习列表命中但需打开详情核验
ICU-0053,兴证全球基金,finance,university,https://career.cuhk.edu.cn/job/search?domain=careercuhk&page=3,2026-07-24,unknown,active_needs_recheck,unknown,not_ready,unknown,discovered,2026-07-26,实习列表命中但需打开详情核验
ICU-0054,华创证券研究所,finance,university,https://career.cuhk.edu.cn/job/search?domain=careercuhk&page=3,2026-07-24,unknown,active_needs_recheck,unknown,not_ready,unknown,discovered,2026-07-26,实习列表命中但需核验主体和申请链
ICU-0055,国泰基金,finance,university,https://career.cuhk.edu.cn/job/search?domain=careercuhk&page=3,2026-07-24,unknown,active_needs_recheck,unknown,not_ready,unknown,discovered,2026-07-26,实习列表命中但需打开详情核验
ICU-0056,广电运通,intelligent_manufacturing,university,https://career.cuhk.edu.cn/job/search?domain=careercuhk&page=3,2026-07-24,2026-07-26,active_needs_recheck,unknown,not_ready,unknown,discovered,2026-07-26,当天截止需确认仍可投递
ICU-0057,快手,internet,university,https://career.cuhk.edu.cn/job/search?domain=careercuhk&page=2,2026-07-24,unknown,non_job_program,unknown,rejected,unknown,rejected_non_job,2026-07-26,命中内容为校园大使而非实习岗位
ICU-0058,安克创新,consumer_electronics,university,https://career.cuhk.edu.cn/job/search?domain=careercuhk&page=2,2026-07-24,unknown,non_job_program,unknown,rejected,unknown,rejected_non_job,2026-07-26,本次命中为校园能量官而非实习岗位
ICU-0059,泰达建设集团,real_estate,university,https://jdjyw.jlu.edu.cn/portal/recruit/list?type=3,2026-07-26,unknown,active_needs_recheck,unknown,not_ready,unknown,discovered,2026-07-26,吉林大学实习列表命中
ICU-0060,一汽资本,finance,university,https://jdjyw.jlu.edu.cn/portal/recruit/list?type=3,2026-07-26,unknown,active_needs_recheck,unknown,not_ready,unknown,discovered,2026-07-26,吉林大学实习列表命中
ICU-0061,保利发展海南,real_estate,university,https://jdjyw.jlu.edu.cn/portal/recruit/list?type=3,2026-07-26,unknown,active_needs_recheck,unknown,not_ready,unknown,discovered,2026-07-26,吉林大学实习列表命中
ICU-0062,Ratingdog,finance_technology,university,https://jdjyw.jlu.edu.cn/portal/recruit/list?type=3,2026-07-26,unknown,active_needs_recheck,unknown,not_ready,unknown,discovered,2026-07-26,吉林大学实习列表命中且主体需核验
ICU-0063,小红书,internet,university,https://jdjyw.jlu.edu.cn/portal/recruit/list?type=3,2026-07-26,unknown,active_needs_recheck,unknown,not_ready,unknown,discovered,2026-07-26,Product Engineer实习列表命中
ICU-0064,中冶焦耐,engineering_service,university,https://jdjyw.jlu.edu.cn/portal/recruit/list?type=3,2026-07-26,unknown,active_needs_recheck,unknown,not_ready,unknown,discovered,2026-07-26,吉林大学实习列表命中
ICU-0065,中国航发商发,intelligent_manufacturing,university,https://jdjyw.jlu.edu.cn/portal/recruit/details?id=e85e59f7df0c41ed9a32de174377f55b,2026-07-26,unknown,active_needs_recheck,unknown,not_ready,unknown,internship_evidence_checked,2026-07-26,高校详情有实习信号但申请链待核验
ICU-0066,邮储银行安徽省分行,finance,university,https://jdjyw.jlu.edu.cn/portal/recruit/list?type=3,2026-07-26,unknown,active_needs_recheck,unknown,not_ready,unknown,discovered,2026-07-26,吉林大学实习列表命中
ICU-0067,湖南省地质院,public_research,university,https://jdjyw.jlu.edu.cn/portal/recruit/list?type=3,2026-07-26,unknown,active_needs_recheck,unknown,not_ready,unknown,discovered,2026-07-26,吉林大学实习列表命中
ICU-0068,中国出口信用保险公司,finance,university,https://jdjyw.jlu.edu.cn/portal/recruit/list?type=3,2026-07-26,unknown,active_needs_recheck,unknown,not_ready,unknown,discovered,2026-07-26,吉林大学实习列表命中
ICU-0069,中信证券山东分公司,finance,university,https://jdjyw.jlu.edu.cn/portal/recruit/list?type=3,2026-07-26,unknown,active_needs_recheck,unknown,not_ready,unknown,discovered,2026-07-26,吉林大学实习列表命中
ICU-0070,大连商品交易所,finance,university,https://jdjyw.jlu.edu.cn/portal/recruit/list?type=3,2026-07-26,unknown,active_needs_recheck,unknown,not_ready,unknown,discovered,2026-07-26,吉林大学实习列表命中
ICU-0071,中国农业银行大连市分行,finance,university,https://jdjyw.jlu.edu.cn/portal/recruit/list?type=3,2026-07-26,unknown,active_needs_recheck,unknown,not_ready,unknown,discovered,2026-07-26,吉林大学实习列表命中
ICU-0072,中国农业银行河南省分行,finance,university,https://jdjyw.jlu.edu.cn/portal/recruit/list?type=3,2026-07-26,unknown,active_needs_recheck,unknown,not_ready,unknown,discovered,2026-07-26,吉林大学实习列表命中
ICU-0073,国投证券,finance,university,https://jdjyw.jlu.edu.cn/portal/recruit/list?type=3,2026-07-26,unknown,active_needs_recheck,unknown,not_ready,unknown,discovered,2026-07-26,吉林大学实习列表命中
ICU-0074,深圳燃气,energy_utility,university,https://jdjyw.jlu.edu.cn/portal/recruit/list?type=3,2026-07-26,unknown,active_needs_recheck,unknown,not_ready,unknown,discovered,2026-07-26,吉林大学实习列表命中
ICU-0075,有道领世,education,university,https://jdjyw.jlu.edu.cn/portal/recruit/list?type=3,2026-07-26,unknown,active_needs_recheck,unknown,not_ready,unknown,discovered,2026-07-26,吉林大学实习列表命中
ICU-0076,中国电建贵阳院,engineering_service,university,https://jdjyw.jlu.edu.cn/portal/recruit/list?type=3,2026-07-26,unknown,active_needs_recheck,unknown,not_ready,unknown,discovered,2026-07-26,吉林大学实习列表命中
ICU-0077,中交一航院,engineering_service,university,https://jdjyw.jlu.edu.cn/portal/recruit/list?type=3,2026-07-26,unknown,active_needs_recheck,unknown,not_ready,unknown,discovered,2026-07-26,吉林大学实习列表命中
ICU-0078,中国期货市场监控中心,finance_technology,university,https://jdjyw.jlu.edu.cn/portal/recruit/list?type=3,2026-07-26,unknown,active_needs_recheck,unknown,not_ready,unknown,discovered,2026-07-26,吉林大学实习列表命中
ICU-0079,中国建设银行四川省分行,finance,university,https://jdjyw.jlu.edu.cn/portal/recruit/list?type=3,2026-07-26,unknown,active_needs_recheck,unknown,not_ready,unknown,discovered,2026-07-26,吉林大学实习列表命中
ICU-0080,小鹏汽车,intelligent_vehicle,university,https://jdjyw.jlu.edu.cn/portal/recruit/list?type=3,2026-07-26,unknown,active_needs_recheck,unknown,not_ready,unknown,discovered,2026-07-26,吉林大学实习列表命中
ICU-0081,中粮集团,consumer,university,https://jdjyw.jlu.edu.cn/mportal/recruit/details?id=065d87b375a0484bb953e3dbd4fcb451,2026-07-26,rolling,active_explicit,unknown,not_ready,unknown,internship_evidence_checked,2026-07-26,原文称长期开放但当前投递链接为非HTTPS需寻找合规入口
ICU-0082,现代汽车研发中心,intelligent_vehicle,university,https://jdjyw.jlu.edu.cn/portal/jyzp/recruit/details?id=77ca66fe3cc04e309bbc2ba463c658d0,2026-06-12,2026-06-12,expired,unknown,rejected,unknown,rejected_expired,2026-07-26,截止日期已过
ICU-0083,陕汽控股,intelligent_vehicle,university,https://jdjyw.jlu.edu.cn/portal/recruit/details?id=6f5afdebd9434a94bbda88715f43e7e0,2026-06-15,2026-06-15,expired,unknown,rejected,unknown,rejected_expired,2026-07-26,截止日期已过
ICU-0084,吉利控股,intelligent_vehicle,university,https://career.nankai.edu.cn/correcruit/index/type/2/sel_area/2/p/1.html,2026-07-26,unknown,active_needs_recheck,unknown,not_ready,unknown,discovered,2026-07-26,搜索命中但当前活动状态需重新核验
ICU-0085,潍柴动力,intelligent_manufacturing,university,https://career.nankai.edu.cn/correcruit/index/type/2/sel_area/2/p/1.html,2026-07-26,unknown,active_needs_recheck,unknown,not_ready,unknown,discovered,2026-07-26,2027届项目命中但需打开详情核验
ICU-0086,超聚变,digital_infrastructure,university,https://career.nankai.edu.cn/correcruit/index/type/2/sel_area/2/p/1.html,2026-07-26,unknown,active_needs_recheck,unknown,not_ready,unknown,discovered,2026-07-26,实习信号命中但岗位和投递链待核验
ICU-0087,中国移动,telecommunications,university,https://career.cuhk.edu.cn/job/search?domain=careercuhk&page=3,2026-07-24,2026-07-24,expired,unknown,rejected,unknown,rejected_expired,2026-07-26,本次发现岗位截止日期已过
ICU-0088,新东方,education,university,https://career.cuhk.edu.cn/job/search?domain=careercuhk&page=3,2026-07-24,2026-07-31,active_needs_recheck,unknown,not_ready,unknown,discovered,2026-07-26,实习列表命中且需核验岗位详情
ICU-0089,深圳华侨城欢乐港湾,culture_tourism,university,https://career.cuhk.edu.cn/job/search?domain=careercuhk&page=3,2026-07-24,2026-07-31,active_needs_recheck,unknown,not_ready,unknown,discovered,2026-07-26,实习列表命中且需核验官方申请链
ICU-0090,国家超级计算深圳中心,digital_infrastructure,university,https://career.cuhk.edu.cn/job/search?domain=careercuhk&page=3,2026-07-24,2026-07-24,expired,unknown,rejected,unknown,rejected_expired,2026-07-26,本次发现岗位截止日期已过
ICU-0091,阿里灵犀互娱,gaming,university,https://career.cuhk.edu.cn/job/search?domain=careercuhk&page=3,2026-07-24,2026-07-24,expired,unknown,rejected,unknown,rejected_expired,2026-07-26,本次发现岗位截止日期已过
ICU-0092,阅文集团,content_media,university,https://career.cuhk.edu.cn/job/search?domain=careercuhk&page=3,2026-07-24,2026-07-24,expired,unknown,rejected,unknown,rejected_expired,2026-07-26,本次发现岗位截止日期已过
ICU-0093,BIGO,internet,university,https://career.cuhk.edu.cn/job/search?domain=careercuhk&page=3,2026-07-24,2026-07-31,active_needs_recheck,unknown,not_ready,unknown,discovered,2026-07-26,实习列表命中且需核验官方申请链
ICU-0094,深圳安居集团,real_estate,university,https://career.cuhk.edu.cn/job/search?domain=careercuhk&page=3,2026-07-24,2026-07-31,active_needs_recheck,unknown,not_ready,unknown,discovered,2026-07-26,实习列表命中且需核验官方申请链
ICU-0095,乐高商贸深圳,consumer,university,https://career.cuhk.edu.cn/job/search?domain=careercuhk&page=3,2026-07-24,2026-07-31,active_needs_recheck,unknown,not_ready,unknown,discovered,2026-07-26,实习列表命中且需核验官方申请链
ICU-0096,点点互动,gaming,university,https://ejob.dhu.edu.cn/single/2026/03/12/2603121415084141168817122210141088310040.html,2026-03-12,2026-05-31,expired,unknown,rejected,unknown,rejected_expired,2026-07-26,本次发现批次已截止
ICU-0097,360集团,internet,university,https://ejob.dhu.edu.cn/single/2026/04/10/2604100847297507001720030219103058410002.html,2026-04-10,unknown,active_needs_recheck,unknown,not_ready,unknown,discovered,2026-07-26,有实习信号但需核验当前官方岗位页
ICU-0098,科大讯飞,ai_software,university,https://ejob.dhu.edu.cn/single/2026/03/26/2603261016457374200020030219103058410002.html,2026-03-26,unknown,active_needs_recheck,official_url,not_ready,unknown,application_chain_checked,2026-07-26,2027届实习且官方ATS已发现但需确认活动岗位
ICU-0099,UCloud优刻得,cloud_computing,university,https://career.nankai.edu.cn/correcruit/content/id/114423.html,2026-07-26,unknown,active_needs_recheck,unknown,not_ready,unknown,internship_evidence_checked,2026-07-26,后端实习信号命中且官方申请链待核验
ICU-0100,畅游,gaming,university,https://career.nankai.edu.cn/correcruit/content/id/113373.html,2026-07-26,unknown,active_needs_recheck,unknown,not_ready,unknown,internship_evidence_checked,2026-07-26,实习信号命中且需核验当前岗位和官方入口
ICU-0101,中国五环工程有限公司,engineering_service,university,https://www.career.zju.edu.cn/jyxt/sczp/zphgl/ckZphsqdw.zf?zphbh=4F118E352C76C13BE0653A68DD0E9B18,2026-05-07,unknown,discovery_only,unknown,not_ready,unknown,discovered,2026-07-26,参加实习生双选会但仍需逐岗位确认明确实习
ICU-0102,南京智达天街商业运营管理有限公司,commercial_property,university,https://www.career.zju.edu.cn/jyxt/sczp/zphgl/ckZphsqdw.zf?zphbh=4F118E352C76C13BE0653A68DD0E9B18,2026-05-07,unknown,discovery_only,unknown,not_ready,unknown,discovered,2026-07-26,参加实习生双选会但仍需逐岗位确认明确实习
ICU-0103,杭州润珹房地产开发有限公司,real_estate,university,https://www.career.zju.edu.cn/jyxt/sczp/zphgl/ckZphsqdw.zf?zphbh=4F118E352C76C13BE0653A68DD0E9B18,2026-05-07,unknown,discovery_only,unknown,not_ready,unknown,discovered,2026-07-26,参加实习生双选会但仍需逐岗位确认明确实习
ICU-0104,佳兆业文体产业杭州有限公司,culture_tourism,university,https://www.career.zju.edu.cn/jyxt/sczp/zphgl/ckZphdwXq.zf?dwxxid=JG1500053&zphbh=4F118E352C76C13BE0653A68DD0E9B18&zphsqbh=ce209b68f1ba76d91821de69709e31f4,2026-05-07,unknown,active_needs_recheck,university_only,not_ready,unknown,internship_evidence_checked,2026-07-26,详情显示财务实习但活动状态和官方申请链待查
ICU-0105,开源环境科技集团有限公司,environmental_service,university,https://www.career.zju.edu.cn/jyxt/sczp/zphgl/ckZphsqdw.zf?zphbh=4F118E352C76C13BE0653A68DD0E9B18,2026-05-07,unknown,discovery_only,unknown,not_ready,unknown,discovered,2026-07-26,参加实习生双选会但仍需逐岗位确认明确实习
ICU-0106,广州悦思维咨询有限公司,consulting,university,https://www.career.zju.edu.cn/jyxt/sczp/zphgl/ckZphsqdw.zf?zphbh=4F118E352C76C13BE0653A68DD0E9B18,2026-05-07,unknown,discovery_only,unknown,not_ready,unknown,discovered,2026-07-26,参加实习生双选会但仍需逐岗位确认明确实习
ICU-0107,杭州孔怀培训学校有限公司,education,university,https://www.career.zju.edu.cn/jyxt/sczp/zphgl/ckZphsqdw.zf?zphbh=4F118E352C76C13BE0653A68DD0E9B18,2026-05-07,unknown,discovery_only,unknown,not_ready,unknown,discovered,2026-07-26,参加实习生双选会但仍需逐岗位确认明确实习
ICU-0108,杭州东口教育科技有限责任公司,education,university,https://www.career.zju.edu.cn/jyxt/sczp/zphgl/ckZphsqdw.zf?zphbh=4F118E352C76C13BE0653A68DD0E9B18,2026-05-07,unknown,discovery_only,unknown,not_ready,unknown,discovered,2026-07-26,参加实习生双选会但仍需逐岗位确认明确实习
ICU-0109,乐清菁英文化传播有限公司,education,university,https://www.career.zju.edu.cn/jyxt/sczp/zphgl/ckZphsqdw.zf?zphbh=4F118E352C76C13BE0653A68DD0E9B18,2026-05-07,unknown,discovery_only,unknown,not_ready,unknown,discovered,2026-07-26,参加实习生双选会但仍需逐岗位确认明确实习
ICU-0110,瑞安市精英文化传播有限公司,education,university,https://www.career.zju.edu.cn/jyxt/sczp/zphgl/ckZphdwXq.zf?dwxxid=JG0000834&zphbh=4F118E352C76C13BE0653A68DD0E9B18&zphsqbh=af1b88e7b17316ab4cccba360fddd22f,2026-05-07,unknown,discovery_only,unknown,not_ready,unknown,discovered,2026-07-26,单位页当前仅见全职岗位故不能认定实习
ICU-0111,上海长宁区乐读线上教育培训学校,education,university,https://www.career.zju.edu.cn/jyxt/sczp/zphgl/ckZphsqdw.zf?zphbh=4F118E352C76C13BE0653A68DD0E9B18,2026-05-07,unknown,discovery_only,unknown,not_ready,unknown,discovered,2026-07-26,参加实习生双选会但仍需逐岗位确认明确实习
ICU-0112,浙江清北青少年科学教育实践有限公司,education,university,https://www.career.zju.edu.cn/jyxt/sczp/zphgl/ckZphsqdw.zf?zphbh=4F118E352C76C13BE0653A68DD0E9B18,2026-05-07,unknown,discovery_only,unknown,not_ready,unknown,discovered,2026-07-26,参加实习生双选会但仍需逐岗位确认明确实习
ICU-0113,浙江睿程教育科技有限公司,education,university,https://www.career.zju.edu.cn/jyxt/sczp/zphgl/ckZphsqdw.zf?zphbh=4F118E352C76C13BE0653A68DD0E9B18,2026-05-07,unknown,discovery_only,unknown,not_ready,unknown,discovered,2026-07-26,参加实习生双选会但仍需逐岗位确认明确实习
ICU-0114,浙江开课啦教育培训学校,education,university,https://www.career.zju.edu.cn/jyxt/sczp/zphgl/ckZphdwXq.zf?dwxxid=JG1437377&zphbh=4F118E352C76C13BE0653A68DD0E9B18&zphsqbh=4c8da1b3305ac452084f31c06630e2d7,2026-05-07,unknown,discovery_only,unknown,not_ready,unknown,discovered,2026-07-26,单位页当前仅见全职岗位故不能认定实习
ICU-0115,上海市滴水湖学校,education,university,https://www.career.zju.edu.cn/jyxt/sczp/zphgl/ckZphsqdw.zf?zphbh=4F118E352C76C13BE0653A68DD0E9B18,2026-05-07,unknown,discovery_only,unknown,not_ready,unknown,discovered,2026-07-26,参加实习生双选会但仍需逐岗位确认明确实习
ICU-0116,浙江海亮教育发展有限公司,education,university,https://www.career.zju.edu.cn/jyxt/sczp/zphgl/ckZphsqdw.zf?zphbh=4F118E352C76C13BE0653A68DD0E9B18,2026-05-07,unknown,discovery_only,unknown,not_ready,unknown,discovered,2026-07-26,参加实习生双选会但仍需逐岗位确认明确实习
ICU-0117,世坤咨询北京有限公司,finance_technology,university,https://www.career.zju.edu.cn/jyxt/sczp/zphgl/ckZphsqdw.zf?zphbh=4F118E352C76C13BE0653A68DD0E9B18,2026-05-07,unknown,discovery_only,unknown,not_ready,unknown,discovered,2026-07-26,参加实习生双选会但仍需逐岗位确认明确实习
ICU-0118,永安期货股份有限公司,finance,university,https://www.career.zju.edu.cn/jyxt/sczp/zphgl/ckZphsqdw.zf?zphbh=4F118E352C76C13BE0653A68DD0E9B18,2026-05-07,unknown,discovery_only,unknown,not_ready,unknown,discovered,2026-07-26,参加实习生双选会但仍需逐岗位确认明确实习
ICU-0119,杭州银行股份有限公司,finance,university,https://www.career.zju.edu.cn/jyxt/sczp/zphgl/ckZphsqdw.zf?zphbh=4F118E352C76C13BE0653A68DD0E9B18,2026-05-07,unknown,discovery_only,unknown,not_ready,unknown,discovered,2026-07-26,参加实习生双选会但仍需逐岗位确认明确实习
ICU-0120,浙江省创业投资集团有限公司,finance,university,https://www.career.zju.edu.cn/jyxt/sczp/zphgl/ckZphsqdw.zf?zphbh=4F118E352C76C13BE0653A68DD0E9B18,2026-05-07,unknown,discovery_only,unknown,not_ready,unknown,discovered,2026-07-26,参加实习生双选会但仍需逐岗位确认明确实习
ICU-0121,国科长三角资本管理有限公司,finance,university,https://www.career.zju.edu.cn/jyxt/sczp/zphgl/ckZphsqdw.zf?zphbh=4F118E352C76C13BE0653A68DD0E9B18,2026-05-07,unknown,discovery_only,unknown,not_ready,unknown,discovered,2026-07-26,参加实习生双选会但仍需逐岗位确认明确实习
ICU-0122,上海顽岩私募基金管理有限公司,finance,university,https://www.career.zju.edu.cn/jyxt/sczp/zphgl/ckZphsqdw.zf?zphbh=4F118E352C76C13BE0653A68DD0E9B18,2026-05-07,unknown,discovery_only,unknown,not_ready,unknown,discovered,2026-07-26,参加实习生双选会但仍需逐岗位确认明确实习
ICU-0123,杭州龙旗科技有限公司,electronics,university,https://www.career.zju.edu.cn/jyxt/sczp/zphgl/ckZphsqdw.zf?zphbh=4F118E352C76C13BE0653A68DD0E9B18,2026-05-07,unknown,discovery_only,unknown,not_ready,unknown,discovered,2026-07-26,参加实习生双选会但仍需逐岗位确认明确实习
ICU-0124,东吴证券股份有限公司,finance,university,https://www.career.zju.edu.cn/jyxt/sczp/zphgl/ckZphsqdw.zf?zphbh=4F118E352C76C13BE0653A68DD0E9B18,2026-05-07,unknown,discovery_only,unknown,not_ready,unknown,discovered,2026-07-26,参加实习生双选会但仍需逐岗位确认明确实习
ICU-0125,百大集团股份有限公司,retail,university,https://www.career.zju.edu.cn/jyxt/sczp/zphgl/ckZphdwXq.zf?dwxxid=761C0E1549EF24AFE055000000000001&zphbh=4F118E352C76C13BE0653A68DD0E9B18&zphsqbh=5c83fab2b3cdb3bf80d2bdea06e783e3,2026-05-07,unknown,active_needs_recheck,university_only,not_ready,unknown,internship_evidence_checked,2026-07-26,详情显示投资分析实习但当前状态和官方申请链待查
ICU-0126,浙江热联云盛实业有限公司,trade_supply_chain,university,https://www.career.zju.edu.cn/jyxt/sczp/zphgl/ckZphsqdw.zf?zphbh=4F118E352C76C13BE0653A68DD0E9B18,2026-05-07,unknown,discovery_only,unknown,not_ready,unknown,discovered,2026-07-26,参加实习生双选会但仍需逐岗位确认明确实习
ICU-0127,浙江炊大王炊具有限公司,consumer_manufacturing,university,https://www.career.zju.edu.cn/jyxt/sczp/zphgl/ckZphdwXq.zf?dwxxid=JG0001411&zphbh=4F118E352C76C13BE0653A68DD0E9B18&zphsqbh=8422e6ee096d934d7fd9205871898812,2026-05-07,unknown,active_needs_recheck,university_only,not_ready,unknown,internship_evidence_checked,2026-07-26,详情将岗位标为全职兼实习但需核验在校生和官方申请链
ICU-0128,浙江慕骅跨境电子商务有限公司,cross_border_ecommerce,university,https://www.career.zju.edu.cn/jyxt/sczp/zphgl/ckZphsqdw.zf?zphbh=4F118E352C76C13BE0653A68DD0E9B18,2026-05-07,unknown,discovery_only,unknown,not_ready,unknown,discovered,2026-07-26,参加实习生双选会但仍需逐岗位确认明确实习
ICU-0129,歌尔股份有限公司,consumer_electronics,university,https://www.career.zju.edu.cn/jyxt/sczp/zphgl/ckZphdwXq.zf?dwxxid=761C0E1556F224AFE055000000000001&zphbh=4F118E352C76C13BE0653A68DD0E9B18&zphsqbh=cc75f7a59a496f691ddc0db966b27053,2026-05-07,unknown,discovery_only,unknown,not_ready,unknown,discovered,2026-07-26,参会单位页未在摘要中确认明确实习岗位
ICU-0130,臻驱科技上海股份有限公司,intelligent_vehicle,university,https://www.career.zju.edu.cn/jyxt/sczp/zphgl/ckZphsqdw.zf?zphbh=4F118E352C76C13BE0653A68DD0E9B18,2026-05-07,unknown,discovery_only,unknown,not_ready,unknown,discovered,2026-07-26,参加实习生双选会但仍需逐岗位确认明确实习
ICU-0131,浙江越隆缝制设备有限公司,intelligent_manufacturing,university,https://www.career.zju.edu.cn/jyxt/sczp/zphgl/ckZphdwXq.zf?dwxxid=761C0E15647424AFE055000000000001&zphbh=4F118E352C76C13BE0653A68DD0E9B18&zphsqbh=6c5158ce51d5e0caa012165680620114,2026-05-07,unknown,discovery_only,unknown,not_ready,unknown,discovered,2026-07-26,单位页未展示可确认的实习岗位
ICU-0132,杭州中枢魔卡科技有限公司,ai_software,university,https://www.career.zju.edu.cn/jyxt/sczp/zphgl/ckZphsqdw.zf?zphbh=4F118E352C76C13BE0653A68DD0E9B18,2026-05-07,unknown,discovery_only,unknown,not_ready,unknown,discovered,2026-07-26,参加实习生双选会但仍需逐岗位确认明确实习
ICU-0133,上海禾赛智能科技有限公司,intelligent_vehicle,university,https://www.career.zju.edu.cn/jyxt/sczp/zphgl/ckZphsqdw.zf?zphbh=4F118E352C76C13BE0653A68DD0E9B18,2026-05-07,unknown,discovery_only,unknown,not_ready,unknown,discovered,2026-07-26,参加实习生双选会但仍需逐岗位确认明确实习
ICU-0134,上海博世力士乐液压及自动化有限公司,intelligent_manufacturing,university,https://www.career.zju.edu.cn/jyxt/sczp/zphgl/ckZphsqdw.zf?zphbh=4F118E352C76C13BE0653A68DD0E9B18,2026-05-07,unknown,discovery_only,unknown,not_ready,unknown,discovered,2026-07-26,参加实习生双选会但仍需逐岗位确认明确实习
ICU-0135,上海大裂谷智能科技有限公司,ai_robotics,university,https://www.career.zju.edu.cn/jyxt/sczp/zphgl/ckZphdwXq.zf?dwxxid=JG1499029&zphbh=4F118E352C76C13BE0653A68DD0E9B18&zphsqbh=fd16c1f6dd2769806d0408772b5b7ed8,2026-05-07,unknown,discovery_only,unknown,not_ready,unknown,discovered,2026-07-26,单位页摘要显示全职岗位故不能认定当前实习
ICU-0136,宁波英孚机器人有限公司,ai_robotics,university,https://www.career.zju.edu.cn/jyxt/sczp/zphgl/ckZphdwXq.zf?dwxxid=JG0001736&zphbh=4F118E352C76C13BE0653A68DD0E9B18&zphsqbh=f87242dd272de109a3d9dd3df385a115,2026-05-07,unknown,discovery_only,unknown,not_ready,unknown,discovered,2026-07-26,参会单位页未在摘要中确认明确实习岗位
ICU-0137,杭州蔷薇科技有限责任公司,finance_technology,university,https://www.career.zju.edu.cn/jyxt/sczp/zphgl/ckZphdwXq.zf?dwxxid=JG1497681&zphbh=4F118E352C76C13BE0653A68DD0E9B18&zphsqbh=8c95827a578662e9ae19c12189ace6db,2026-05-07,unknown,discovery_only,unknown,not_ready,unknown,discovered,2026-07-26,单位页摘要显示全职岗位故不能认定当前实习
ICU-0138,杭州昊盛人工智能科技有限公司,ai_software,university,https://www.career.zju.edu.cn/jyxt/sczp/zphgl/ckZphsqdw.zf?zphbh=4F118E352C76C13BE0653A68DD0E9B18,2026-05-07,unknown,discovery_only,unknown,not_ready,unknown,discovered,2026-07-26,参加实习生双选会但仍需逐岗位确认明确实习
ICU-0139,杭州光弦智能科技有限公司,ai_software,university,https://www.career.zju.edu.cn/jyxt/sczp/zphgl/ckZphsqdw.zf?zphbh=4F118E352C76C13BE0653A68DD0E9B18,2026-05-07,unknown,discovery_only,unknown,not_ready,unknown,discovered,2026-07-26,参加实习生双选会但仍需逐岗位确认明确实习
ICU-0140,浙江预策科技有限公司,enterprise_software,university,https://www.career.zju.edu.cn/jyxt/sczp/zphgl/ckZphdwXq.zf?dwxxid=JG1201232&zphbh=4F118E352C76C13BE0653A68DD0E9B18&zphsqbh=75ba95f50dcd1556866c4d7f873fe03d,2026-05-07,unknown,active_needs_recheck,university_only,not_ready,unknown,internship_evidence_checked,2026-07-26,详情明确在校实习可申请但当前状态和官方申请链待查
ICU-0141,北京比特大陆科技有限公司,ai_chips,university,https://www.career.zju.edu.cn/jyxt/sczp/zphgl/ckZphsqdw.zf?zphbh=4F118E352C76C13BE0653A68DD0E9B18,2026-05-07,unknown,discovery_only,unknown,not_ready,unknown,discovered,2026-07-26,参加实习生双选会但仍需逐岗位确认明确实习
ICU-0142,苏州特思恩科技有限公司,semiconductor,university,https://www.career.zju.edu.cn/jyxt/sczp/zphgl/ckZphsqdw.zf?zphbh=4F118E352C76C13BE0653A68DD0E9B18,2026-05-07,unknown,discovery_only,unknown,not_ready,unknown,discovered,2026-07-26,参加实习生双选会但仍需逐岗位确认明确实习
ICU-0143,博世中国投资有限公司,intelligent_manufacturing,university,https://www.career.zju.edu.cn/jyxt/sczp/zphgl/ckZphsqdw.zf?zphbh=4F118E352C76C13BE0653A68DD0E9B18,2026-05-07,unknown,discovery_only,unknown,not_ready,unknown,discovered,2026-07-26,参加实习生双选会但仍需逐岗位确认明确实习
ICU-0144,杭州炎魂网络科技有限公司,gaming,university,https://www.career.zju.edu.cn/jyxt/sczp/zphgl/ckZphsqdw.zf?zphbh=4F118E352C76C13BE0653A68DD0E9B18,2026-05-07,unknown,discovery_only,unknown,not_ready,unknown,discovered,2026-07-26,参加实习生双选会但仍需逐岗位确认明确实习
ICU-0145,蚂蚁科技集团股份有限公司,finance_technology,university,https://www.career.zju.edu.cn/jyxt/sczp/zphgl/ckZphdwXq.zf?dwxxid=JG1204606&zphbh=4F118E352C76C13BE0653A68DD0E9B18&zphsqbh=dffeceb5bb926417222cf0704ed0cc74,2026-05-07,unknown,active_needs_recheck,university_only,not_ready,unknown,internship_evidence_checked,2026-07-26,详情明确27届实习但需核验当前官方申请入口
ICU-0146,杭州似一科技有限公司,ai_software,university,https://www.career.zju.edu.cn/jyxt/sczp/zphgl/ckZphsqdw.zf?zphbh=4F118E352C76C13BE0653A68DD0E9B18,2026-05-07,unknown,discovery_only,unknown,not_ready,unknown,discovered,2026-07-26,参加实习生双选会但仍需逐岗位确认明确实习
ICU-0147,杭州博物文化传播有限公司,culture_media,university,https://www.career.zju.edu.cn/jyxt/sczp/zphgl/ckZphsqdw.zf?zphbh=4F118E352C76C13BE0653A68DD0E9B18,2026-05-07,unknown,discovery_only,unknown,not_ready,unknown,discovered,2026-07-26,参加实习生双选会但仍需逐岗位确认明确实习
ICU-0148,宁波比昂芯科技有限公司,semiconductor,university,https://www.career.zju.edu.cn/jyxt/sczp/zphgl/ckZphdwXq.zf?dwxxid=JG0001726&zphbh=4F118E352C76C13BE0653A68DD0E9B18&zphsqbh=a52b95992242eeb0735e1d294ef3fbd3,2026-05-07,unknown,discovery_only,unknown,not_ready,unknown,discovered,2026-07-26,参会单位页未在摘要中确认明确实习岗位
ICU-0149,光合泰智杭州科技有限公司,ai_software,university,https://www.career.zju.edu.cn/jyxt/sczp/zphgl/ckZphsqdw.zf?zphbh=4F118E352C76C13BE0653A68DD0E9B18,2026-05-07,unknown,discovery_only,unknown,not_ready,unknown,discovered,2026-07-26,参加实习生双选会但仍需逐岗位确认明确实习
ICU-0150,八维通科技有限公司,digital_infrastructure,university,https://www.career.zju.edu.cn/jyxt/sczp/zphgl/ckZphsqdw.zf?zphbh=4F118E352C76C13BE0653A68DD0E9B18,2026-05-07,unknown,discovery_only,unknown,not_ready,unknown,discovered,2026-07-26,参加实习生双选会但仍需逐岗位确认明确实习
ICU-0151,浙商证券股份有限公司,finance,university,https://www.career.zju.edu.cn/jyxt/sczp/zphgl/ckZphsqdw.zf?zphbh=4F118E352C76C13BE0653A68DD0E9B18,2026-05-07,unknown,discovery_only,unknown,not_ready,unknown,discovered,2026-07-26,参加实习生双选会但仍需逐岗位确认明确实习
ICU-0152,杭州易启未来智能科技有限公司,ai_software,university,https://www.career.zju.edu.cn/jyxt/sczp/zphgl/ckZphsqdw.zf?zphbh=4F118E352C76C13BE0653A68DD0E9B18,2026-05-07,unknown,discovery_only,unknown,not_ready,unknown,discovered,2026-07-26,参加实习生双选会但仍需逐岗位确认明确实习
ICU-0153,浙江交工集团股份有限公司,engineering_service,university,https://www.career.zju.edu.cn/jyxt/sczp/zphgl/ckZphsqdw.zf?zphbh=4F118E352C76C13BE0653A68DD0E9B18,2026-05-07,unknown,discovery_only,unknown,not_ready,unknown,discovered,2026-07-26,参加实习生双选会但仍需逐岗位确认明确实习
ICU-0154,杭州科百特过滤器材有限公司,intelligent_manufacturing,university,https://www.career.zju.edu.cn/jyxt/sczp/zphgl/ckZphsqdw.zf?zphbh=4C8F732348675807E0653A68DD0E9B18,2026-03-27,unknown,discovery_only,unknown,not_ready,unknown,discovered,2026-07-26,参加材化实习就业双选会但需确认明确实习岗位
ICU-0155,北京深势科技有限公司,ai_science,university,https://www.career.zju.edu.cn/jyxt/sczp/zphgl/ckZphsqdw.zf?zphbh=4C8F732348675807E0653A68DD0E9B18,2026-03-27,unknown,discovery_only,unknown,not_ready,unknown,discovered,2026-07-26,参加材化实习就业双选会但需确认明确实习岗位
ICU-0156,江西晨光新材料股份有限公司南京分公司,new_materials,university,https://www.career.zju.edu.cn/jyxt/sczp/zphgl/ckZphsqdw.zf?zphbh=4C8F732348675807E0653A68DD0E9B18,2026-03-27,unknown,discovery_only,unknown,not_ready,unknown,discovered,2026-07-26,参加材化实习就业双选会但需确认明确实习岗位
ICU-0157,益丰新材料股份有限公司,new_materials,university,https://www.career.zju.edu.cn/jyxt/sczp/zphgl/ckZphsqdw.zf?zphbh=4C8F732348675807E0653A68DD0E9B18,2026-03-27,unknown,discovery_only,unknown,not_ready,unknown,discovered,2026-07-26,参加材化实习就业双选会但需确认明确实习岗位
ICU-0158,中建科工集团有限公司,engineering_service,university,https://www.career.zju.edu.cn/jyxt/sczp/zphgl/ckZphsqdw.zf?zphbh=4C8F732348675807E0653A68DD0E9B18,2026-03-27,unknown,discovery_only,unknown,not_ready,unknown,discovered,2026-07-26,参加材化实习就业双选会但需确认明确实习岗位
ICU-0159,杭州矿研科技有限公司,new_materials,university,https://www.career.zju.edu.cn/jyxt/sczp/zphgl/ckZphsqdw.zf?zphbh=4C8F732348675807E0653A68DD0E9B18,2026-03-27,unknown,discovery_only,unknown,not_ready,unknown,discovered,2026-07-26,参加材化实习就业双选会但需确认明确实习岗位
ICU-0160,广西七色珠光材料股份有限公司,new_materials,university,https://www.career.zju.edu.cn/jyxt/sczp/zphgl/ckZphsqdw.zf?zphbh=4C8F732348675807E0653A68DD0E9B18,2026-03-27,unknown,discovery_only,unknown,not_ready,unknown,discovered,2026-07-26,参加材化实习就业双选会但需确认明确实习岗位
ICU-0161,珠海中冠石油化工有限公司,chemicals,university,https://www.career.zju.edu.cn/jyxt/sczp/zphgl/ckZphsqdw.zf?zphbh=4C8F732348675807E0653A68DD0E9B18,2026-03-27,unknown,discovery_only,unknown,not_ready,unknown,discovered,2026-07-26,参加材化实习就业双选会但需确认明确实习岗位
ICU-0162,浙江大学温州研究院,public_research,university,https://www.career.zju.edu.cn/jyxt/sczp/zphgl/ckZphsqdw.zf?zphbh=4C8F732348675807E0653A68DD0E9B18,2026-03-27,unknown,discovery_only,unknown,not_ready,unknown,discovered,2026-07-26,参加材化实习就业双选会但需确认明确实习岗位
ICU-0163,智元柏迈浙江科技有限公司,ai_robotics,university,https://www.career.zju.edu.cn/jyxt/sczp/zphgl/ckZphsqdw.zf?zphbh=4C8F732348675807E0653A68DD0E9B18,2026-03-27,unknown,discovery_only,unknown,not_ready,unknown,discovered,2026-07-26,参加材化实习就业双选会但需确认明确实习岗位
ICU-0164,物产中大金属集团有限公司,trade_supply_chain,university,https://www.career.zju.edu.cn/jyxt/sczp/zphgl/ckZphsqdw.zf?zphbh=4C8F732348675807E0653A68DD0E9B18,2026-03-27,unknown,discovery_only,unknown,not_ready,unknown,discovered,2026-07-26,参加材化实习就业双选会但需确认明确实习岗位
ICU-0165,西安稀有金属材料研究院有限公司,new_materials,university,https://www.career.zju.edu.cn/jyxt/sczp/zphgl/ckZphsqdw.zf?zphbh=4C8F732348675807E0653A68DD0E9B18,2026-03-27,unknown,discovery_only,unknown,not_ready,unknown,discovered,2026-07-26,参加材化实习就业双选会但需确认明确实习岗位
ICU-0166,浙江华友钴业股份有限公司,new_materials,university,https://www.career.zju.edu.cn/jyxt/sczp/zphgl/ckZphsqdw.zf?zphbh=4C8F732348675807E0653A68DD0E9B18,2026-03-27,unknown,discovery_only,unknown,not_ready,unknown,discovered,2026-07-26,参加材化实习就业双选会但需确认明确实习岗位
ICU-0167,浙江荣星新材料科技有限公司,new_materials,university,https://www.career.zju.edu.cn/jyxt/sczp/zphgl/ckZphsqdw.zf?zphbh=4C8F732348675807E0653A68DD0E9B18,2026-03-27,unknown,discovery_only,unknown,not_ready,unknown,discovered,2026-07-26,参加材化实习就业双选会但需确认明确实习岗位
ICU-0168,中哲物产集团有限公司,trade_supply_chain,university,https://www.career.zju.edu.cn/jyxt/sczp/zphgl/ckZphsqdw.zf?zphbh=4C8F732348675807E0653A68DD0E9B18,2026-03-27,unknown,discovery_only,unknown,not_ready,unknown,discovered,2026-07-26,参加材化实习就业双选会但需确认明确实习岗位
ICU-0169,贵州东华工程股份有限公司,engineering_service,university,https://www.career.zju.edu.cn/jyxt/sczp/zphgl/ckZphsqdw.zf?zphbh=4C8F732348675807E0653A68DD0E9B18,2026-03-27,unknown,discovery_only,unknown,not_ready,unknown,discovered,2026-07-26,参加材化实习就业双选会但需确认明确实习岗位
ICU-0170,中化蓝天集团有限公司,chemicals,university,https://www.career.zju.edu.cn/jyxt/sczp/zphgl/ckZphsqdw.zf?zphbh=4C8F732348675807E0653A68DD0E9B18,2026-03-27,unknown,discovery_only,unknown,not_ready,unknown,discovered,2026-07-26,参加材化实习就业双选会但需确认明确实习岗位
ICU-0171,浙江卫星石化股份有限公司,chemicals,university,https://www.career.zju.edu.cn/jyxt/sczp/zphgl/ckZphsqdw.zf?zphbh=4C8F732348675807E0653A68DD0E9B18,2026-03-27,unknown,discovery_only,unknown,not_ready,unknown,discovered,2026-07-26,参加材化实习就业双选会但需确认明确实习岗位
ICU-0172,浙江嘉澳环保科技股份有限公司,chemicals,university,https://www.career.zju.edu.cn/jyxt/sczp/zphgl/ckZphsqdw.zf?zphbh=4C8F732348675807E0653A68DD0E9B18,2026-03-27,unknown,discovery_only,unknown,not_ready,unknown,discovered,2026-07-26,参加材化实习就业双选会但需确认明确实习岗位
ICU-0173,中国民生银行宁波分行,finance,university,https://www.career.zju.edu.cn/jyxt/sczp/zphgl/ckZphsqdw.zf?zphbh=4C8F732348675807E0653A68DD0E9B18,2026-03-27,unknown,discovery_only,unknown,not_ready,unknown,discovered,2026-07-26,参加材化实习就业双选会但需确认明确实习岗位
ICU-0174,上海张奶奶实业有限公司,consumer,university,https://www.career.zju.edu.cn/jyxt/sczp/zphgl/ckZphsqdw.zf?zphbh=4C8F732348675807E0653A68DD0E9B18,2026-03-27,unknown,discovery_only,unknown,not_ready,unknown,discovered,2026-07-26,参加材化实习就业双选会但需确认明确实习岗位
ICU-0175,北京学而思教育科技有限公司,education,university,https://www.career.zju.edu.cn/jyxt/sczp/zphgl/ckZphsqdw.zf?zphbh=4C8F732348675807E0653A68DD0E9B18,2026-03-27,unknown,discovery_only,unknown,not_ready,unknown,discovered,2026-07-26,参加材化实习就业双选会但需确认明确实习岗位
ICU-0176,宁波市江北区鹏图科技培训有限公司,education,university,https://www.career.zju.edu.cn/jyxt/sczp/zphgl/ckZphsqdw.zf?zphbh=4C8F732348675807E0653A68DD0E9B18,2026-03-27,unknown,discovery_only,unknown,not_ready,unknown,discovered,2026-07-26,参加材化实习就业双选会但需确认明确实习岗位
ICU-0177,宁波市海曙区朗阁外语培训学校有限公司,education,university,https://www.career.zju.edu.cn/jyxt/sczp/zphgl/ckZphsqdw.zf?zphbh=4C8F732348675807E0653A68DD0E9B18,2026-03-27,unknown,discovery_only,unknown,not_ready,unknown,discovered,2026-07-26,参加材化实习就业双选会但需确认明确实习岗位
ICU-0178,杭州创心医学科技有限公司,medical_device,university,https://www.career.zju.edu.cn/jyxt/sczp/zphgl/ckZphsqdw.zf?zphbh=4C8F732348675807E0653A68DD0E9B18,2026-03-27,unknown,discovery_only,unknown,not_ready,unknown,discovered,2026-07-26,参加材化实习就业双选会但需确认明确实习岗位
ICU-0179,凯莱英医药集团天津股份有限公司,biotechnology,university,https://www.career.zju.edu.cn/jyxt/sczp/zphgl/ckZphsqdw.zf?zphbh=4C8F732348675807E0653A68DD0E9B18,2026-03-27,unknown,discovery_only,unknown,not_ready,unknown,discovered,2026-07-26,参加材化实习就业双选会但需确认明确实习岗位
ICU-0180,江苏博云塑业股份有限公司,new_materials,university,https://www.career.zju.edu.cn/jyxt/sczp/zphgl/ckZphsqdw.zf?zphbh=4C8F732348675807E0653A68DD0E9B18,2026-03-27,unknown,discovery_only,unknown,not_ready,unknown,discovered,2026-07-26,参加材化实习就业双选会但需确认明确实习岗位
ICU-0181,杭州瑞欧科技有限公司,professional_service,university,https://www.career.zju.edu.cn/jyxt/sczp/zphgl/ckZphsqdw.zf?zphbh=4C8F732348675807E0653A68DD0E9B18,2026-03-27,unknown,discovery_only,unknown,not_ready,unknown,discovered,2026-07-26,参加材化实习就业双选会但需确认明确实习岗位
ICU-0182,都创上海医药科技股份有限公司,biotechnology,university,https://www.career.zju.edu.cn/jyxt/sczp/zphgl/ckZphsqdw.zf?zphbh=4C8F732348675807E0653A68DD0E9B18,2026-03-27,unknown,discovery_only,unknown,not_ready,unknown,discovered,2026-07-26,参加材化实习就业双选会但需确认明确实习岗位
ICU-0183,江苏擎宇化工科技有限公司,chemicals,university,https://www.career.zju.edu.cn/jyxt/sczp/zphgl/ckZphsqdw.zf?zphbh=4C8F732348675807E0653A68DD0E9B18,2026-03-27,unknown,discovery_only,unknown,not_ready,unknown,discovered,2026-07-26,参加材化实习就业双选会但需确认明确实习岗位
ICU-0184,合肥他们方田教育科技有限公司,education,university,https://www.career.zju.edu.cn/jyxt/sczp/zphgl/ckZphsqdw.zf?zphbh=4C8F732348675807E0653A68DD0E9B18,2026-03-27,unknown,discovery_only,unknown,not_ready,unknown,discovered,2026-07-26,参加材化实习就业双选会但需确认明确实习岗位
ICU-0185,浙江嘉化能源化工股份有限公司,energy_chemicals,university,https://www.career.zju.edu.cn/jyxt/sczp/zphgl/ckZphsqdw.zf?zphbh=4C8F732348675807E0653A68DD0E9B18,2026-03-27,unknown,discovery_only,unknown,not_ready,unknown,discovered,2026-07-26,参加材化实习就业双选会但需确认明确实习岗位
ICU-0186,上海氯碱化工股份有限公司,chemicals,university,https://www.career.zju.edu.cn/jyxt/sczp/zphgl/ckZphsqdw.zf?zphbh=4C8F732348675807E0653A68DD0E9B18,2026-03-27,unknown,discovery_only,unknown,not_ready,unknown,discovered,2026-07-26,参加材化实习就业双选会但需确认明确实习岗位
ICU-0187,浙江荣盛控股集团有限公司,chemicals,university,https://www.career.zju.edu.cn/jyxt/sczp/zphgl/ckZphsqdw.zf?zphbh=4C8F732348675807E0653A68DD0E9B18,2026-03-27,unknown,discovery_only,unknown,not_ready,unknown,discovered,2026-07-26,参加材化实习就业双选会但需确认明确实习岗位
ICU-0188,浙江亚棕科技有限公司,new_materials,university,https://www.career.zju.edu.cn/jyxt/sczp/zphgl/ckZphsqdw.zf?zphbh=4C8F732348675807E0653A68DD0E9B18,2026-03-27,unknown,discovery_only,unknown,not_ready,unknown,discovered,2026-07-26,参加材化实习就业双选会但需确认明确实习岗位
ICU-0189,惠生工程中国有限公司,engineering_service,university,https://www.career.zju.edu.cn/jyxt/sczp/zphgl/ckZphsqdw.zf?zphbh=4C8F732348675807E0653A68DD0E9B18,2026-03-27,unknown,discovery_only,unknown,not_ready,unknown,discovered,2026-07-26,参加材化实习就业双选会但需确认明确实习岗位
ICU-0190,沃顿科技股份有限公司,new_materials,university,https://www.career.zju.edu.cn/jyxt/sczp/zphgl/ckZphsqdw.zf?zphbh=4C8F732348675807E0653A68DD0E9B18,2026-03-27,unknown,discovery_only,unknown,not_ready,unknown,discovered,2026-07-26,参加材化实习就业双选会但需确认明确实习岗位
ICU-0191,巨石集团有限公司,new_materials,university,https://www.career.zju.edu.cn/jyxt/sczp/zphgl/ckZphsqdw.zf?zphbh=4C8F732348675807E0653A68DD0E9B18,2026-03-27,unknown,discovery_only,unknown,not_ready,unknown,discovered,2026-07-26,参加材化实习就业双选会但需确认明确实习岗位
ICU-0192,云山动力宁波有限公司,energy_technology,university,https://www.career.zju.edu.cn/jyxt/sczp/zphgl/ckZphsqdw.zf?zphbh=4C8F732348675807E0653A68DD0E9B18,2026-03-27,unknown,discovery_only,unknown,not_ready,unknown,discovered,2026-07-26,参加材化实习就业双选会但需确认明确实习岗位
ICU-0193,宁波浮沉矿业有限公司,mining,university,https://www.career.zju.edu.cn/jyxt/sczp/zphgl/ckZphsqdw.zf?zphbh=4C8F732348675807E0653A68DD0E9B18,2026-03-27,unknown,discovery_only,unknown,not_ready,unknown,discovered,2026-07-26,参加材化实习就业双选会但需确认明确实习岗位
ICU-0194,浙江弘流科技有限公司,energy_technology,university,https://www.career.zju.edu.cn/jyxt/sczp/zphgl/ckZphsqdw.zf?zphbh=4C8F732348675807E0653A68DD0E9B18,2026-03-27,unknown,discovery_only,unknown,not_ready,unknown,discovered,2026-07-26,参加材化实习就业双选会但需确认明确实习岗位
ICU-0195,浙江镇洋发展股份有限公司,chemicals,university,https://www.career.zju.edu.cn/jyxt/sczp/zphgl/ckZphsqdw.zf?zphbh=4C8F732348675807E0653A68DD0E9B18,2026-03-27,unknown,discovery_only,unknown,not_ready,unknown,discovered,2026-07-26,参加材化实习就业双选会但需确认明确实习岗位
ICU-0196,作业帮教育科技上海有限公司,education,university,https://www.career.zju.edu.cn/jyxt/sczp/zphgl/ckZphsqdw.zf?zphbh=4C8F732348675807E0653A68DD0E9B18,2026-03-27,unknown,discovery_only,unknown,not_ready,unknown,discovered,2026-07-26,参加材化实习就业双选会但需确认明确实习岗位
ICU-0197,浙江仙居君业药业有限公司,biotechnology,university,https://www.career.zju.edu.cn/jyxt/sczp/zphgl/ckZphsqdw.zf?zphbh=4C8F732348675807E0653A68DD0E9B18,2026-03-27,unknown,discovery_only,unknown,not_ready,unknown,discovered,2026-07-26,参加材化实习就业双选会但需确认明确实习岗位
ICU-0198,日出实业集团有限公司,trade_supply_chain,university,https://www.career.zju.edu.cn/jyxt/sczp/zphgl/ckZphsqdw.zf?zphbh=4C8F732348675807E0653A68DD0E9B18,2026-03-27,unknown,discovery_only,unknown,not_ready,unknown,discovered,2026-07-26,参加材化实习就业双选会但需确认明确实习岗位
ICU-0199,中兴通讯股份有限公司,telecommunications,university,https://www.career.zju.edu.cn/jyxt/sczp/zphgl/ckZphsqdw.zf?zphbh=4C8F732348675807E0653A68DD0E9B18,2026-03-27,unknown,discovery_only,unknown,not_ready,unknown,discovered,2026-07-26,参加材化实习就业双选会但需确认明确实习岗位
ICU-0200,江苏普润生物医药有限公司,biotechnology,university,https://www.career.zju.edu.cn/jyxt/sczp/zphgl/ckZphsqdw.zf?zphbh=4C8F732348675807E0653A68DD0E9B18,2026-03-27,unknown,discovery_only,unknown,not_ready,unknown,discovered,2026-07-26,参加材化实习就业双选会但需确认明确实习岗位
ICU-0201,合肥综合性科学中心数据空间研究院有限公司,public_research,university,https://career.sustech.edu.cn/detail/jobfair?id=27576,2026-03-11,unknown,discovery_only,unknown,not_ready,unknown,discovered,2026-07-26,合肥高新区组团招聘名单命中但需确认明确实习岗位
ICU-0202,科大国盾量子技术股份有限公司,quantum_technology,university,https://career.sustech.edu.cn/detail/jobfair?id=27576,2026-03-11,unknown,discovery_only,unknown,not_ready,unknown,discovered,2026-07-26,合肥高新区组团招聘名单命中但需确认明确实习岗位
ICU-0203,力高新能源技术股份有限公司安徽分公司,energy_technology,university,https://career.sustech.edu.cn/detail/jobfair?id=27576,2026-03-11,unknown,discovery_only,unknown,not_ready,unknown,discovered,2026-07-26,合肥高新区组团招聘名单命中但需确认明确实习岗位
ICU-0204,科大智能物联技术股份有限公司,iot,university,https://career.sustech.edu.cn/detail/jobfair?id=27576,2026-03-11,unknown,discovery_only,unknown,not_ready,unknown,discovered,2026-07-26,合肥高新区组团招聘名单命中但需确认明确实习岗位
ICU-0205,安徽容知日新科技股份有限公司,intelligent_manufacturing,university,https://career.sustech.edu.cn/detail/jobfair?id=27576,2026-03-11,unknown,discovery_only,unknown,not_ready,unknown,discovered,2026-07-26,合肥高新区组团招聘名单命中但需确认明确实习岗位
ICU-0206,安徽安科生物工程集团股份有限公司,biotechnology,university,https://career.sustech.edu.cn/detail/jobfair?id=27576,2026-03-11,unknown,discovery_only,unknown,not_ready,unknown,discovered,2026-07-26,合肥高新区组团招聘名单命中但需确认明确实习岗位
ICU-0207,本源量子计算科技合肥股份有限公司,quantum_technology,university,https://career.sustech.edu.cn/detail/jobfair?id=27576,2026-03-11,unknown,discovery_only,unknown,not_ready,unknown,discovered,2026-07-26,合肥高新区组团招聘名单命中但需确认明确实习岗位
ICU-0208,合肥移瑞通信技术有限公司,telecommunications,university,https://career.sustech.edu.cn/detail/jobfair?id=27576,2026-03-11,unknown,discovery_only,unknown,not_ready,unknown,discovered,2026-07-26,合肥高新区组团招聘名单命中但需确认明确实习岗位
ICU-0209,安徽兆尹信息科技股份有限公司合肥研发中心,enterprise_software,university,https://career.sustech.edu.cn/detail/jobfair?id=27576,2026-03-11,unknown,discovery_only,unknown,not_ready,unknown,discovered,2026-07-26,合肥高新区组团招聘名单命中但需确认明确实习岗位
ICU-0210,合肥天地宽视信息科技有限公司,ai_software,university,https://career.sustech.edu.cn/detail/jobfair?id=27576,2026-03-11,unknown,discovery_only,unknown,not_ready,unknown,discovered,2026-07-26,合肥高新区组团招聘名单命中但需确认明确实习岗位
ICU-0211,合肥欧力杰智能装备系统有限公司,intelligent_manufacturing,university,https://career.sustech.edu.cn/detail/jobfair?id=27576,2026-03-11,unknown,discovery_only,unknown,not_ready,unknown,discovered,2026-07-26,合肥高新区组团招聘名单命中但需确认明确实习岗位
ICU-0212,合肥铜冠信息科技有限责任公司,enterprise_software,university,https://career.sustech.edu.cn/detail/jobfair?id=27576,2026-03-11,unknown,discovery_only,unknown,not_ready,unknown,discovered,2026-07-26,合肥高新区组团招聘名单命中但需确认明确实习岗位
ICU-0213,合肥芯谷微电子股份有限公司,semiconductor,university,https://career.sustech.edu.cn/detail/jobfair?id=27576,2026-03-11,unknown,discovery_only,unknown,not_ready,unknown,discovered,2026-07-26,合肥高新区组团招聘名单命中但需确认明确实习岗位
ICU-0214,安徽清新互联信息科技有限公司,ai_software,university,https://career.sustech.edu.cn/detail/jobfair?id=27576,2026-03-11,unknown,discovery_only,unknown,not_ready,unknown,discovered,2026-07-26,合肥高新区组团招聘名单命中但需确认明确实习岗位
ICU-0215,宏晶微电子科技股份有限公司,semiconductor,university,https://career.sustech.edu.cn/detail/jobfair?id=27576,2026-03-11,unknown,discovery_only,unknown,not_ready,unknown,discovered,2026-07-26,合肥高新区组团招聘名单命中但需确认明确实习岗位
ICU-0216,合肥幺正量子科技有限公司,quantum_technology,university,https://career.sustech.edu.cn/detail/jobfair?id=27576,2026-03-11,unknown,discovery_only,unknown,not_ready,unknown,discovered,2026-07-26,合肥高新区组团招聘名单命中但需确认明确实习岗位
ICU-0217,安徽雷炎电子科技有限公司,electronics,university,https://career.sustech.edu.cn/detail/jobfair?id=27576,2026-03-11,unknown,discovery_only,unknown,not_ready,unknown,discovered,2026-07-26,合肥高新区组团招聘名单命中但需确认明确实习岗位
ICU-0218,合肥微崇生物科技有限公司,biotechnology,university,https://career.sustech.edu.cn/detail/jobfair?id=27576,2026-03-11,unknown,discovery_only,unknown,not_ready,unknown,discovered,2026-07-26,合肥高新区组团招聘名单命中但需确认明确实习岗位
ICU-0219,安徽中科宇疆科技有限公司,aerospace,university,https://career.sustech.edu.cn/detail/jobfair?id=27576,2026-03-11,unknown,discovery_only,unknown,not_ready,unknown,discovered,2026-07-26,合肥高新区组团招聘名单命中但需确认明确实习岗位
ICU-0220,合肥磐芯电子有限公司,semiconductor,university,https://career.sustech.edu.cn/detail/jobfair?id=27576,2026-03-11,unknown,discovery_only,unknown,not_ready,unknown,discovered,2026-07-26,合肥高新区组团招聘名单命中但需确认明确实习岗位
ICU-0221,安徽兰科智能科技有限公司,ai_software,university,https://career.sustech.edu.cn/detail/jobfair?id=27576,2026-03-11,unknown,discovery_only,unknown,not_ready,unknown,discovered,2026-07-26,合肥高新区组团招聘名单命中但需确认明确实习岗位
ICU-0222,合肥安迅精密技术有限公司,intelligent_manufacturing,university,https://career.sustech.edu.cn/detail/jobfair?id=27576,2026-03-11,unknown,discovery_only,unknown,not_ready,unknown,discovered,2026-07-26,合肥高新区组团招聘名单命中但需确认明确实习岗位
ICU-0223,安徽维德动力科技股份有限公司,energy_technology,university,https://career.sustech.edu.cn/detail/jobfair?id=27576,2026-03-11,unknown,discovery_only,unknown,not_ready,unknown,discovered,2026-07-26,合肥高新区组团招聘名单命中但需确认明确实习岗位
ICU-0224,富芯微电子有限公司,semiconductor,university,https://career.sustech.edu.cn/detail/jobfair?id=27576,2026-03-11,unknown,discovery_only,unknown,not_ready,unknown,discovered,2026-07-26,合肥高新区组团招聘名单命中但需确认明确实习岗位
ICU-0225,合肥甘尧电子科技有限公司,electronics,university,https://career.sustech.edu.cn/detail/jobfair?id=27576,2026-03-11,unknown,discovery_only,unknown,not_ready,unknown,discovered,2026-07-26,合肥高新区组团招聘名单命中但需确认明确实习岗位
ICU-0226,安徽科创中光科技股份有限公司,environmental_technology,university,https://career.sustech.edu.cn/detail/jobfair?id=27576,2026-03-11,unknown,discovery_only,unknown,not_ready,unknown,discovered,2026-07-26,合肥高新区组团招聘名单命中但需确认明确实习岗位
ICU-0227,合肥澎湃能源技术有限公司,energy_technology,university,https://career.sustech.edu.cn/detail/jobfair?id=27576,2026-03-11,unknown,discovery_only,unknown,not_ready,unknown,discovered,2026-07-26,合肥高新区组团招聘名单命中但需确认明确实习岗位
ICU-0228,合肥巨阙电子有限公司,electronics,university,https://career.sustech.edu.cn/detail/jobfair?id=27576,2026-03-11,unknown,discovery_only,unknown,not_ready,unknown,discovered,2026-07-26,合肥高新区组团招聘名单命中但需确认明确实习岗位
ICU-0229,正弦空间安徽科技有限公司,aerospace,university,https://career.sustech.edu.cn/detail/jobfair?id=27576,2026-03-11,unknown,discovery_only,unknown,not_ready,unknown,discovered,2026-07-26,合肥高新区组团招聘名单命中但需确认明确实习岗位
ICU-0230,安徽博微智能电气有限公司,intelligent_manufacturing,university,https://career.sustech.edu.cn/detail/jobfair?id=27576,2026-03-11,unknown,discovery_only,unknown,not_ready,unknown,discovered,2026-07-26,合肥高新区组团招聘名单命中但需确认明确实习岗位
ICU-0231,星能玄光科技有限责任公司,energy_technology,university,https://career.sustech.edu.cn/detail/jobfair?id=27576,2026-03-11,unknown,discovery_only,unknown,not_ready,unknown,discovered,2026-07-26,合肥高新区组团招聘名单命中但需确认明确实习岗位
ICU-0232,合肥岩磁科技有限公司,new_materials,university,https://career.sustech.edu.cn/detail/jobfair?id=27576,2026-03-11,unknown,discovery_only,unknown,not_ready,unknown,discovered,2026-07-26,合肥高新区组团招聘名单命中但需确认明确实习岗位
ICU-0233,安徽皖仪科技股份有限公司,intelligent_manufacturing,university,https://career.sustech.edu.cn/detail/jobfair?id=27576,2026-03-11,unknown,discovery_only,unknown,not_ready,unknown,discovered,2026-07-26,合肥高新区组团招聘名单命中但需确认明确实习岗位
ICU-0234,合肥新东方培训学校有限公司,education,university,https://career.sustech.edu.cn/detail/jobfair?id=27576,2026-03-11,unknown,discovery_only,unknown,not_ready,unknown,discovered,2026-07-26,合肥高新区组团招聘名单命中但需确认明确实习岗位
ICU-0235,安徽芯核防务装备技术股份有限公司,aerospace,university,https://career.sustech.edu.cn/detail/jobfair?id=27576,2026-03-11,unknown,discovery_only,unknown,not_ready,unknown,discovered,2026-07-26,合肥高新区组团招聘名单命中但需确认明确实习岗位
ICU-0236,科大国创软件股份有限公司,enterprise_software,university,https://career.sustech.edu.cn/detail/jobfair?id=27576,2026-03-11,unknown,discovery_only,unknown,not_ready,unknown,discovered,2026-07-26,合肥高新区组团招聘名单命中但需确认明确实习岗位
ICU-0237,合肥中科智存科技有限公司,digital_infrastructure,university,https://career.sustech.edu.cn/detail/jobfair?id=27576,2026-03-11,unknown,discovery_only,unknown,not_ready,unknown,discovered,2026-07-26,合肥高新区组团招聘名单命中但需确认明确实习岗位
ICU-0238,合肥睿科微电子有限公司,semiconductor,university,https://career.sustech.edu.cn/detail/jobfair?id=27576,2026-03-11,unknown,discovery_only,unknown,not_ready,unknown,discovered,2026-07-26,合肥高新区组团招聘名单命中但需确认明确实习岗位
ICU-0239,安徽中盛溯源生物科技股份有限公司,biotechnology,university,https://career.sustech.edu.cn/detail/jobfair?id=27576,2026-03-11,unknown,discovery_only,unknown,not_ready,unknown,discovered,2026-07-26,合肥高新区组团招聘名单命中但需确认明确实习岗位
ICU-0240,合肥恒力装备有限公司,intelligent_manufacturing,university,https://career.sustech.edu.cn/detail/jobfair?id=27576,2026-03-11,unknown,discovery_only,unknown,not_ready,unknown,discovered,2026-07-26,合肥高新区组团招聘名单命中但需确认明确实习岗位
ICU-0241,合肥中恒微半导体有限公司,semiconductor,university,https://career.sustech.edu.cn/detail/jobfair?id=27576,2026-03-11,unknown,discovery_only,unknown,not_ready,unknown,discovered,2026-07-26,合肥高新区组团招聘名单命中但需确认明确实习岗位
ICU-0242,合肥图迅电子科技有限公司,electronics,university,https://career.sustech.edu.cn/detail/jobfair?id=27576,2026-03-11,unknown,discovery_only,unknown,not_ready,unknown,discovered,2026-07-26,合肥高新区组团招聘名单命中但需确认明确实习岗位
ICU-0243,润宇科技有限公司,technology_service,university,https://career.sustech.edu.cn/detail/jobfair?id=27576,2026-03-11,unknown,discovery_only,unknown,not_ready,unknown,discovered,2026-07-26,合肥高新区组团招聘名单命中但需确认主体和明确实习岗位
ICU-0244,中科恒研智能科技有限公司,ai_software,university,https://career.sustech.edu.cn/detail/jobfair?id=27576,2026-03-11,unknown,discovery_only,unknown,not_ready,unknown,discovered,2026-07-26,合肥高新区组团招聘名单命中但需确认明确实习岗位
ICU-0245,合肥中颖电子有限公司,semiconductor,university,https://career.sustech.edu.cn/detail/jobfair?id=27576,2026-03-11,unknown,discovery_only,unknown,not_ready,unknown,discovered,2026-07-26,合肥高新区组团招聘名单命中但需确认明确实习岗位
ICU-0246,安徽国科量子网络有限公司,quantum_technology,university,https://career.sustech.edu.cn/detail/jobfair?id=27576,2026-03-11,unknown,discovery_only,unknown,not_ready,unknown,discovered,2026-07-26,合肥高新区组团招聘名单命中但需确认明确实习岗位
ICU-0247,合肥君正科技有限公司,semiconductor,university,https://career.sustech.edu.cn/detail/jobfair?id=27576,2026-03-11,unknown,discovery_only,unknown,not_ready,unknown,discovered,2026-07-26,合肥高新区组团招聘名单命中但需确认明确实习岗位
ICU-0248,安徽云玺量子科技有限公司,quantum_technology,university,https://career.sustech.edu.cn/detail/jobfair?id=27576,2026-03-11,unknown,discovery_only,unknown,not_ready,unknown,discovered,2026-07-26,合肥高新区组团招聘名单命中但需确认明确实习岗位
ICU-0249,安徽中科合能电力科技有限责任公司,energy_technology,university,https://career.sustech.edu.cn/detail/jobfair?id=27576,2026-03-11,unknown,discovery_only,unknown,not_ready,unknown,discovered,2026-07-26,合肥高新区组团招聘名单命中但需确认明确实习岗位
ICU-0250,合肥云诊信息科技有限公司,health_technology,university,https://career.sustech.edu.cn/detail/jobfair?id=27576,2026-03-11,unknown,discovery_only,unknown,not_ready,unknown,discovered,2026-07-26,合肥高新区组团招聘名单命中但需确认明确实习岗位
ICU-0251,合肥中科类脑智能技术有限公司,ai_software,university,https://career.sustech.edu.cn/detail/jobfair?id=27576,2026-03-11,unknown,discovery_only,unknown,not_ready,unknown,discovered,2026-07-26,合肥高新区组团招聘名单命中但需确认明确实习岗位
ICU-0252,合肥影炬创新技术有限公司,ai_software,university,https://career.sustech.edu.cn/detail/jobfair?id=27576,2026-03-11,unknown,discovery_only,unknown,not_ready,unknown,discovered,2026-07-26,合肥高新区组团招聘名单命中但需确认明确实习岗位
ICU-0253,合肥新青罗网络科技有限公司,internet,university,https://career.sustech.edu.cn/detail/jobfair?id=27576,2026-03-11,unknown,discovery_only,unknown,not_ready,unknown,discovered,2026-07-26,合肥高新区组团招聘名单命中但需确认明确实习岗位
ICU-0254,安徽数自星智能科技有限公司,ai_software,university,https://career.sustech.edu.cn/detail/jobfair?id=27576,2026-03-11,unknown,discovery_only,unknown,not_ready,unknown,discovered,2026-07-26,合肥高新区组团招聘名单命中但需确认明确实习岗位
ICU-0255,合肥普路拓软件技术有限公司,enterprise_software,university,https://career.sustech.edu.cn/detail/jobfair?id=27576,2026-03-11,unknown,discovery_only,unknown,not_ready,unknown,discovered,2026-07-26,合肥高新区组团招聘名单命中但需确认明确实习岗位
ICU-0256,合肥常春藤移动科技有限公司,internet,university,https://career.sustech.edu.cn/detail/jobfair?id=27576,2026-03-11,unknown,discovery_only,unknown,not_ready,unknown,discovered,2026-07-26,合肥高新区组团招聘名单命中但需确认明确实习岗位
ICU-0257,安徽芯纪元科技有限公司,semiconductor,university,https://career.sustech.edu.cn/detail/jobfair?id=27576,2026-03-11,unknown,discovery_only,unknown,not_ready,unknown,discovered,2026-07-26,合肥高新区组团招聘名单命中但需确认明确实习岗位
ICU-0258,合肥中科普瑞昇生物医药科技有限公司,biotechnology,university,https://career.sustech.edu.cn/detail/jobfair?id=27576,2026-03-11,unknown,discovery_only,unknown,not_ready,unknown,discovered,2026-07-26,合肥高新区组团招聘名单命中但需确认明确实习岗位
ICU-0259,安徽行一新能源技术有限公司,energy_technology,university,https://career.sustech.edu.cn/detail/jobfair?id=27576,2026-03-11,unknown,discovery_only,unknown,not_ready,unknown,discovered,2026-07-26,合肥高新区组团招聘名单命中但需确认明确实习岗位
ICU-0260,合肥召洋电子科技有限公司,electronics,university,https://career.sustech.edu.cn/detail/jobfair?id=27576,2026-03-11,unknown,discovery_only,unknown,not_ready,unknown,discovered,2026-07-26,合肥高新区组团招聘名单命中但需确认明确实习岗位
ICU-0261,中检集团天帷网络安全技术合肥有限公司,cybersecurity,university,https://career.sustech.edu.cn/detail/jobfair?id=27576,2026-03-11,unknown,discovery_only,unknown,not_ready,unknown,discovered,2026-07-26,合肥高新区组团招聘名单命中但需确认明确实习岗位
ICU-0262,安徽省安策智库咨询有限公司,consulting,university,https://career.sustech.edu.cn/detail/jobfair?id=27576,2026-03-11,unknown,discovery_only,unknown,not_ready,unknown,discovered,2026-07-26,合肥高新区组团招聘名单命中但需确认明确实习岗位
ICU-0263,安徽深蓝医疗科技股份有限公司,medical_device,university,https://career.sustech.edu.cn/detail/jobfair?id=27576,2026-03-11,unknown,discovery_only,unknown,not_ready,unknown,discovered,2026-07-26,合肥高新区组团招聘名单命中但需确认明确实习岗位
ICU-0264,安徽多点美好智能科技有限公司,ai_software,university,https://career.sustech.edu.cn/detail/jobfair?id=27576,2026-03-11,unknown,discovery_only,unknown,not_ready,unknown,discovered,2026-07-26,合肥高新区组团招聘名单命中但需确认明确实习岗位
ICU-0265,合肥谦川智行科技有限公司,intelligent_vehicle,university,https://career.sustech.edu.cn/detail/jobfair?id=27576,2026-03-11,unknown,discovery_only,unknown,not_ready,unknown,discovered,2026-07-26,合肥高新区组团招聘名单命中但需确认明确实习岗位
ICU-0266,合肥辉愈科技有限公司,health_technology,university,https://career.sustech.edu.cn/detail/jobfair?id=27576,2026-03-11,unknown,discovery_only,unknown,not_ready,unknown,discovered,2026-07-26,合肥高新区组团招聘名单命中但需确认明确实习岗位
ICU-0267,安徽一视科技有限公司,ai_software,university,https://career.sustech.edu.cn/detail/jobfair?id=27576,2026-03-11,unknown,discovery_only,unknown,not_ready,unknown,discovered,2026-07-26,合肥高新区组团招聘名单命中但需确认明确实习岗位
ICU-0268,安徽米视科技有限公司,ai_software,university,https://career.sustech.edu.cn/detail/jobfair?id=27576,2026-03-11,unknown,discovery_only,unknown,not_ready,unknown,discovered,2026-07-26,合肥高新区组团招聘名单命中但需确认明确实习岗位
ICU-0269,汇京聚慧教育科技安徽有限公司,education,university,https://career.sustech.edu.cn/detail/jobfair?id=27576,2026-03-11,unknown,discovery_only,unknown,not_ready,unknown,discovered,2026-07-26,合肥高新区组团招聘名单命中但需确认明确实习岗位
ICU-0270,安徽曦融兆波科技有限公司,electronics,university,https://career.sustech.edu.cn/detail/jobfair?id=27576,2026-03-11,unknown,discovery_only,unknown,not_ready,unknown,discovered,2026-07-26,合肥高新区组团招聘名单命中但需确认明确实习岗位
ICU-0271,安徽聚视鹰科技有限公司,ai_software,university,https://career.sustech.edu.cn/detail/jobfair?id=27576,2026-03-11,unknown,discovery_only,unknown,not_ready,unknown,discovered,2026-07-26,合肥高新区组团招聘名单命中但需确认明确实习岗位
ICU-0272,电堆科技合肥有限公司,energy_technology,university,https://career.sustech.edu.cn/detail/jobfair?id=27576,2026-03-11,unknown,discovery_only,unknown,not_ready,unknown,discovered,2026-07-26,合肥高新区组团招聘名单命中但需确认明确实习岗位
ICU-0273,合肥鹰眼智能机器人有限公司,ai_robotics,university,https://career.sustech.edu.cn/detail/jobfair?id=27576,2026-03-11,unknown,discovery_only,unknown,not_ready,unknown,discovered,2026-07-26,合肥高新区组团招聘名单命中但需确认明确实习岗位
ICU-0274,合肥超科电子有限公司,electronics,university,https://career.sustech.edu.cn/detail/jobfair?id=27576,2026-03-11,unknown,discovery_only,unknown,not_ready,unknown,discovered,2026-07-26,合肥高新区组团招聘名单命中但需确认明确实习岗位
ICU-0275,合肥正阳光电科技有限责任公司,electronics,university,https://career.sustech.edu.cn/detail/jobfair?id=27576,2026-03-11,unknown,discovery_only,unknown,not_ready,unknown,discovered,2026-07-26,合肥高新区组团招聘名单命中但需确认明确实习岗位
ICU-0276,四创电子股份有限公司,electronics,university,https://career.sustech.edu.cn/detail/jobfair?id=27576,2026-03-11,unknown,discovery_only,unknown,not_ready,unknown,discovered,2026-07-26,合肥高新区组团招聘名单命中但需确认明确实习岗位
ICU-0277,科大智能科技股份有限公司,intelligent_manufacturing,university,https://career.sustech.edu.cn/detail/jobfair?id=27576,2026-03-11,unknown,discovery_only,unknown,not_ready,unknown,discovered,2026-07-26,合肥高新区组团招聘名单命中但需确认明确实习岗位
ICU-0278,科威尔技术股份有限公司,energy_technology,university,https://career.sustech.edu.cn/detail/jobfair?id=27576,2026-03-11,unknown,discovery_only,unknown,not_ready,unknown,discovered,2026-07-26,合肥高新区组团招聘名单命中但需确认明确实习岗位
ICU-0279,安徽交控工程集团有限公司,engineering_service,university,https://career.sustech.edu.cn/detail/jobfair?id=27576,2026-03-11,unknown,discovery_only,unknown,not_ready,unknown,discovered,2026-07-26,合肥高新区组团招聘名单命中但需确认明确实习岗位
ICU-0280,安徽万瑞冷电科技有限公司,intelligent_manufacturing,university,https://career.sustech.edu.cn/detail/jobfair?id=27576,2026-03-11,unknown,discovery_only,unknown,not_ready,unknown,discovered,2026-07-26,合肥高新区组团招聘名单命中但需确认明确实习岗位
ICU-0281,合肥凌达压缩机有限公司,intelligent_manufacturing,university,https://career.sustech.edu.cn/detail/jobfair?id=27576,2026-03-11,unknown,discovery_only,unknown,not_ready,unknown,discovered,2026-07-26,合肥高新区组团招聘名单命中但需确认明确实习岗位
ICU-0282,合肥新沪屏蔽泵有限公司,intelligent_manufacturing,university,https://career.sustech.edu.cn/detail/jobfair?id=27576,2026-03-11,unknown,discovery_only,unknown,not_ready,unknown,discovered,2026-07-26,合肥高新区组团招聘名单命中但需确认明确实习岗位
ICU-0283,安徽万宇机械设备科技有限公司,intelligent_manufacturing,university,https://career.sustech.edu.cn/detail/jobfair?id=27576,2026-03-11,unknown,discovery_only,unknown,not_ready,unknown,discovered,2026-07-26,合肥高新区组团招聘名单命中但需确认明确实习岗位
ICU-0284,合肥中科离子医学技术装备有限公司,medical_device,university,https://career.sustech.edu.cn/detail/jobfair?id=27576,2026-03-11,unknown,discovery_only,unknown,not_ready,unknown,discovered,2026-07-26,合肥高新区组团招聘名单命中但需确认明确实习岗位
ICU-0285,伏达半导体合肥股份有限公司,semiconductor,university,https://career.sustech.edu.cn/detail/jobfair?id=27576,2026-03-11,unknown,discovery_only,unknown,not_ready,unknown,discovered,2026-07-26,合肥高新区组团招聘名单命中但需确认明确实习岗位
ICU-0286,合肥博微电气科技有限公司,intelligent_manufacturing,university,https://career.sustech.edu.cn/detail/jobfair?id=27576,2026-03-11,unknown,discovery_only,unknown,not_ready,unknown,discovered,2026-07-26,合肥高新区组团招聘名单命中但需确认明确实习岗位
ICU-0287,合肥机数量子科技有限公司,quantum_technology,university,https://career.sustech.edu.cn/detail/jobfair?id=27576,2026-03-11,unknown,discovery_only,unknown,not_ready,unknown,discovered,2026-07-26,合肥高新区组团招聘名单命中但需确认明确实习岗位
ICU-0288,中能建建筑集团有限公司,engineering_service,university,https://career.sustech.edu.cn/detail/jobfair?id=27576,2026-03-11,unknown,discovery_only,unknown,not_ready,unknown,discovered,2026-07-26,合肥高新区组团招聘名单命中但需确认明确实习岗位
ICU-0289,合肥华耀电子工业有限公司,electronics,university,https://career.sustech.edu.cn/detail/jobfair?id=27576,2026-03-11,unknown,discovery_only,unknown,not_ready,unknown,discovered,2026-07-26,合肥高新区组团招聘名单命中但需确认明确实习岗位
ICU-0290,壳牌中国,energy,university,https://www.career.zju.edu.cn/jyxt/sczp/zpztgl/ckZpgwXq.zf?zpxxbh=4DBD9E635ED215A6E0653A68DD0E9B18,2026-03-24,2026-07-31,active_explicit,official_url,candidate,unknown,application_chain_checked,2026-07-26,两个月全职实习且高校原文给出企业Workday申请页
ICU-0291,中国建设银行浙江省分行,finance,university,https://www.career.zju.edu.cn/jyxt/sczp/zpztgl/ckZpgwXq.zf?zpxxbh=536AD06CA17B5FF4E0653A68DD0E9B18,2026-06-04,2026-06-22,expired,official_url,rejected,unknown,rejected_expired,2026-07-26,本次建习生报名截止日期已过
ICU-0292,新华三集团,digital_infrastructure,university,https://www.career.zju.edu.cn/jyxt/sczp/zpztgl/ckZpgwXq.zf?zpxxbh=53417D9F53BD0804E0653A68DD0E9B18,2026-06-01,unknown,active_needs_recheck,unknown,not_ready,unknown,internship_evidence_checked,2026-07-26,实习体验生项目明确但当前岗位和官方申请链待核验
ICU-0293,中国工商银行深圳市分行,finance,university,https://career.sustech.edu.cn/detail/online?id=3524665,2026-06-11,2026-06-18,expired,official_url,rejected,unknown,rejected_expired,2026-07-26,本次星令营报名截止日期已过
ICU-0294,中国工商银行广州分行,finance,university,https://career.sustech.edu.cn/detail/online?id=3525337,2026-06-11,2026-06-18,expired,official_url,rejected,unknown,rejected_expired,2026-07-26,本次星令营报名截止日期已过
ICU-0295,安信基金管理有限责任公司,finance,university,https://career.sustech.edu.cn/detail/online?id=3529493,2026-06-29,unknown,active_needs_recheck,company_email,not_ready,unknown,application_chain_checked,2026-07-26,项目七月中旬开始且需确认是否仍开放只保留企业域名邮箱线索
ICU-0296,平安银行股份有限公司,finance,university,https://career.sustech.edu.cn/detail/job?id=2708106,2026-03-18,unknown,active_needs_recheck,unknown,not_ready,unknown,internship_evidence_checked,2026-07-26,暑期实习明确但当前活动状态和官方申请链待核验
ICU-0297,国泰海通证券互联网分公司,finance,university,https://career.sustech.edu.cn/detail/online?id=3531806,2026-07-14,rolling,active_explicit,unknown,not_ready,unknown,internship_evidence_checked,2026-07-26,原文称长期有效且可招实习生但申请方式待核验
ICU-0298,安谋科技中国有限公司,semiconductor,university,https://career.sustech.edu.cn/detail/online?id=3511451,2026-05-01,unknown,active_needs_recheck,official_url_and_email,not_ready,unknown,application_chain_checked,2026-07-26,暑期实习和官方公司入口明确但五月至六月流程后需确认仍有活动岗位
ICU-0299,上海汉得信息技术股份有限公司,enterprise_software,university,https://career.sustech.edu.cn/detail/job?id=2702977,2026-03-16,2027-07-31,active_explicit,university_only,not_ready,unknown,internship_evidence_checked,2026-07-26,数据开发实习可持续至2027年七月但缺企业官方申请链
ICU-0300,中正能源技术发展深圳有限公司,energy_service,university,https://career.sustech.edu.cn/detail/online?id=3500337,2026-04-16,2027-04-14,active_explicit,university_only,not_ready,unknown,internship_evidence_checked,2026-07-26,投资与项目助理实习明确但缺企业官方申请链
